Word_id,VOCAB_WORD
0,http
1,use
2,list
3,email
4,get
5,mail
6,one
7,free
8,time
9,work
10,messag
11,make
12,like
13,would
14,peopl
15,inform
16,new
17,receiv
18,pleas
19,address
20,busi
21,click
22,want
23,us
24,need
25,order
26,remov
27,also
28,go
29,send
30,year
31,money
32,file
33,compani
34,system
35,name
36,report
37,wrote
38,way
39,user
40,look
41,site
42,chang
43,day
44,know
45,state
46,program
47,may
48,see
49,call
50,could
51,group
52,even
53,think
54,includ
55,linux
56,first
57,offer
58,take
59,say
60,servic
61,right
62,world
63,tri
64,help
65,find
66,market
67,internet
68,product
69,mani
70,much
71,home
72,said
73,web
74,softwar
75,problem
76,date
77,line
78,spam
79,check
80,start
81,number
82,run
83,good
84,thing
85,link
86,well
87,subject
88,phone
89,interest
90,govern
91,person
92,provid
93,set
94,today
95,come
96,million
97,best
98,give
99,server
100,follow
101,back
102,form
103,rate
104,month
105,everi
106,secur
107,gener
108,price
109,url
110,still
111,comput
112,packag
113,instal
114,avail
115,sent
116,code
117,life
118,commun
119,version
120,read
121,sinc
122,ad
123,grant
124,maintain
125,sponsor
126,thank
127,network
128,two
129,credit
130,differ
131,without
132,made
133,develop
134,within
135,support
136,week
137,write
138,save
139,realli
140,case
141,page
142,subscript
143,someth
144,irish
145,current
146,un
147,last
148,anyon
149,onlin
150,complet
151,sure
152,requir
153,seem
154,card
155,build
156,custom
157,manag
158,never
159,de
160,ilug
161,better
162,keep
163,window
164,special
165,point
166,ca
167,place
168,search
169,anoth
170,per
171,found
172,access
173,actual
174,repli
175,result
176,contact
177,question
178,part
179,base
180,listmast
181,futur
182,issu
183,old
184,put
185,wish
186,next
187,long
188,let
189,countri
190,live
191,hour
192,must
193,end
194,invest
195,process
196,mean
197,easi
198,unsubscrib
199,lot
200,unit
201,great
202,got
203,guarante
204,technolog
205,nation
206,account
207,show
208,might
209,power
210,releas
211,legal
212,cost
213,data
214,allow
215,sourc
216,success
217,news
218,engin
219,possibl
220,trade
221,profession
222,idea
223,increas
224,post
225,ask
226,pay
227,advertis
228,public
229,error
230,open
231,websit
232,test
233,opportun
234,real
235,sell
236,ever
237,less
238,respons
239,insur
240,plan
241,design
242,tell
243,creat
244,visit
245,word
246,buy
247,howev
248,prefer
249,reason
250,heaven
251,effect
252,someon
253,aug
254,cd
255,law
256,sale
257,applic
258,improv
259,instead
260,around
261,fact
262,least
263,box
264,dollar
265,ye
266,rpm
267,fix
268,american
269,job
270,copi
271,simpl
272,probabl
273,cours
274,origin
275,believ
276,contain
277,fax
278,move
279,type
280,happen
281,friend
282,though
283,littl
284,total
285,financi
286,welcom
287,share
288,request
289,exampl
290,add
291,els
292,client
293,abl
294,perl
295,format
296,valu
297,anyth
298,alway
299,simpli
300,high
301,alreadi
302,fill
303,protect
304,full
305,cash
306,feel
307,mailto
308,directori
309,import
310,bit
311,stop
312,purchas
313,regard
314,signatur
315,licens
316,note
317,experi
318,polici
319,intern
320,answer
321,exist
322,return
323,updat
324,past
325,learn
326,famili
327,info
328,top
329,sep
330,geek
331,ship
332,becom
333,age
334,act
335,lead
336,instruct
337,drive
338,small
339,suppli
340,second
341,control
342,databas
343,member
344,thousand
345,select
346,low
347,recent
348,incom
349,featur
350,citi
351,etc
352,stuff
353,limit
354,minut
355,industri
356,sever
357,turn
358,done
359,yet
360,folder
361,appli
362,tool
363,continu
364,understand
365,c
366,detail
367,guid
368,everyth
369,noth
370,step
371,exmh
372,notic
373,oper
374,enough
375,big
376,claim
377,sign
378,care
379,e
380,letter
381,caus
382,univers
383,larg
384,key
385,three
386,hard
387,thinkgeek
388,other
389,connect
390,bill
391,record
392,accept
393,discuss
394,thu
395,term
396,play
397,via
398,specif
399,offic
400,pgp
401,text
402,talk
403,option
404,america
405,mayb
406,immedi
407,deal
408,direct
409,download
410,major
411,seen
412,hope
413,forc
414,subscrib
415,comment
416,thought
417,kind
418,individu
419,decid
420,rule
421,lose
422,plu
423,log
424,natur
425,method
426,matter
427,true
428,either
429,risk
430,yahoo
431,rememb
432,assist
433,content
434,rather
435,quot
436,present
437,mime
438,away
439,wait
440,bank
441,r
442,kernel
443,fund
444,hand
445,local
446,project
447,secret
448,hundr
449,loan
450,train
451,level
452,matthia
453,corpor
454,consid
455,research
456,razor
457,area
458,august
459,book
460,forward
461,addit
462,root
463,stori
464,machin
465,polit
466,bad
467,target
468,standard
469,benefit
470,entir
471,war
472,quit
473,suggest
474,appear
475,document
476,copyright
477,global
478,bodi
479,presid
480,author
481,bug
482,often
483,posit
484,expect
485,human
486,mind
487,center
488,distribut
489,juli
490,septemb
491,grow
492,ago
493,jul
494,qualiti
495,hit
496,trust
497,size
498,partner
499,easili
500,island
501,absolut
502,agent
503,pm
504,whether
505,love
506,join
507,activ
508,b
509,given
510,involv
511,solut
512,collect
513,amount
514,happi
515,associ
516,fast
517,domain
518,charg
519,man
520,promot
521,whole
522,dvd
523,sort
524,far
525,earn
526,fork
527,later
528,parti
529,feder
530,hi
531,submit
532,upon
533,mortgag
534,wed
535,meet
536,potenti
537,wrong
538,refer
539,nice
540,enter
541,load
542,tm
543,econom
544,publish
545,wonder
546,social
547,john
548,almost
549,transact
550,singl
551,discov
552,red
553,reach
554,everyon
555,close
556,view
557,fail
558,pass
559,execut
560,sound
561,privat
562,depend
563,women
564,perform
565,profit
566,attack
567,broadcast
568,newslett
569,automat
570,relat
571,paid
572,contract
573,effort
574,statement
575,delet
576,mark
577,media
578,foreign
579,begin
580,compil
581,final
582,sequenc
583,miss
584,regist
585,spamassassin
586,bush
587,cell
588,figur
589,x
590,command
591,stock
592,handl
593,header
594,similar
595,locat
596,action
597,pick
598,game
599,display
600,tuesday
601,transfer
602,templ
603,disk
604,hat
605,wo
606,produc
607,digit
608,chri
609,soon
610,event
611,known
612,track
613,articl
614,print
615,longer
616,tax
617,function
618,properti
619,mention
620,pretti
621,toner
622,dear
623,men
624,default
625,store
626,commiss
627,debt
628,pc
629,hous
630,oblig
631,respect
632,microsoft
633,upgrad
634,sun
635,due
636,organ
637,script
638,imag
639,enenkio
640,bulk
641,administr
642,payment
643,weight
644,along
645,daili
646,health
647,freedom
648,bonu
649,practic
650,net
651,half
652,offici
653,cartridg
654,capit
655,billion
656,worth
657,usa
658,propos
659,came
660,resourc
661,languag
662,strategi
663,late
664,anyway
665,leav
666,concern
667,platform
668,exactli
669,street
670,remain
671,clear
672,html
673,assum
674,devic
675,car
676,lost
677,la
678,ok
679,tire
680,review
681,ignor
682,head
683,interact
684,tue
685,respond
686,went
687,hear
688,deliv
689,taken
690,tablet
691,independ
692,configur
693,clean
694,perhap
695,bring
696,compar
697,qualifi
698,averag
699,fine
700,press
701,space
702,watch
703,invok
704,retail
705,school
706,recommend
707,expens
708,short
709,n
710,fee
711,field
712,fall
713,memori
714,membership
715,enabl
716,host
717,consult
718,guess
719,huge
720,edit
721,usual
722,xml
723,suit
724,extrem
725,choos
726,warn
727,advantag
728,agre
729,common
730,except
731,port
732,en
733,region
734,materi
735,normal
736,educ
737,abil
738,side
739,basic
740,announc
741,fri
742,told
743,guy
744,although
745,item
746,five
747,drop
748,le
749,cheer
750,dream
751,paper
752,growth
753,hold
754,readi
755,spend
756,vulner
757,main
758,replac
759,win
760,model
761,confidenti
762,electron
763,face
764,left
765,interfac
766,unseen
767,studi
768,loss
769,mon
770,reserv
771,altern
772,intend
773,safe
774,accord
775,kingdom
776,choic
777,approv
778,implement
779,oz
780,rest
781,multipl
782,histori
783,id
784,situat
785,commerci
786,extra
787,moment
788,combin
789,quick
790,insid
791,togeth
792,investig
793,employ
794,chanc
795,section
796,purpos
797,pictur
798,initi
799,coupl
800,advanc
801,confirm
802,goe
803,msg
804,j
805,break
806,across
807,avoid
808,unless
809,court
810,util
811,monday
812,object
813,particular
814,burn
815,fals
816,energi
817,express
818,score
819,video
820,societi
821,male
822,et
823,india
824,indic
825,took
826,owner
827,sens
828,p
829,count
830,agenc
831,directli
832,correct
833,filter
834,speed
835,die
836,procedur
837,profil
838,variou
839,four
840,anywher
841,seek
842,period
843,especi
844,ventur
845,black
846,gpl
847,match
848,uniqu
849,sex
850,piec
851,consum
852,kevin
853,certain
854,whatev
855,investor
856,behalf
857,spammer
858,setup
859,explain
860,knowledg
861,adam
862,popul
863,color
864,class
865,gain
866,cut
867,tip
868,oh
869,remot
870,latest
871,dagga
872,atol
873,unison
874,militari
875,block
876,ftp
877,south
878,lawrenc
879,googl
880,marshal
881,gari
882,unix
883,patch
884,tv
885,establish
886,smoke
887,team
888,shop
889,switch
890,valuabl
891,java
892,aaaaaaaaaaaaaaaaaaaaaaaaaaaaaaaaaaaaaaaaaaaaaaaaaaaaaaaaaaaaaaaaaaaaaaaaaaaa
893,ragga
894,imagin
895,prevent
896,integr
897,robert
898,third
899,attempt
900,prepar
901,boot
902,folk
903,particip
904,will
905,privaci
906,sorri
907,necessari
908,manual
909,heard
910,hardwar
911,sometim
912,york
913,congress
914,screen
915,reduc
916,tag
917,saou
918,bottl
919,sa
920,night
921,certainli
922,china
923,fastest
924,stand
925,suppos
926,enjoy
927,valid
928,cover
929,depart
930,backup
931,driver
932,regul
933,path
934,alb
935,seriou
936,goal
937,obtain
938,mass
939,capabl
940,lower
941,botan
942,competit
943,amaz
944,h
945,promis
946,speak
947,land
948,fulli
949,medic
950,poor
951,lowest
952,traffic
953,extend
954,apolog
955,scienc
956,deathtospamdeathtospamdeathtospam
957,introduc
958,movi
959,defin
960,describ
961,paul
962,troubl
963,titl
964,film
965,exchang
966,cv
967,neg
968,easier
969,osdn
970,decis
971,wireless
972,f
973,os
974,rang
975,sender
976,technic
977,death
978,approach
979,predict
980,murphi
981,earli
982,six
983,fat
984,redhat
985,written
986,white
987,commit
988,fortun
989,beberg
990,quickli
991,kill
992,worri
993,sold
994,telephon
995,king
996,im
997,judgment
998,ham
999,seventh
1000,michael
1001,apt
1002,music
1003,firm
1004,uk
1005,mobil
1006,ensur
1007,premium
1008,father
1009,north
1010,desir
1011,opinion
1012,economi
1013,attach
1014,librari
1015,faster
1016,definit
1017,player
1018,adult
1019,argument
1020,achiev
1021,appar
1022,archiv
1023,button
1024,bar
1025,separ
1026,travel
1027,techniqu
1028,enterpris
1029,demand
1030,threat
1031,cooper
1032,deserv
1033,board
1034,browser
1035,anim
1036,hello
1037,outsid
1038,modul
1039,condit
1040,terrorist
1041,elimin
1042,wide
1043,estat
1044,stay
1045,attent
1046,enhanc
1047,dave
1048,david
1049,wall
1050,repres
1051,determin
1052,children
1053,expert
1054,pain
1055,drug
1056,virtual
1057,cabl
1058,held
1059,gnupg
1060,sincer
1061,environ
1062,kid
1063,declar
1064,monthli
1065,washington
1066,modifi
1067,signific
1068,permiss
1069,danger
1070,fun
1071,confid
1072,l
1073,relev
1074,iii
1075,w
1076,g
1077,programm
1078,sum
1079,air
1080,diet
1081,canada
1082,rich
1083,cat
1084,none
1085,equip
1086,cc
1087,exclus
1088,forev
1089,popular
1090,proven
1091,justin
1092,excel
1093,bitbitch
1094,bottom
1095,usd
1096,paragraph
1097,expand
1098,central
1099,centuri
1100,factor
1101,friday
1102,skip
1103,string
1104,sexual
1105,identifi
1106,anybodi
1107,near
1108,monitor
1109,relationship
1110,challeng
1111,appreci
1112,excit
1113,behind
1114,toward
1115,director
1116,asset
1117,terror
1118,perfect
1119,girl
1120,confer
1121,exercis
1122,whose
1123,progress
1124,defens
1125,unsolicit
1126,discoveri
1127,citizen
1128,rh
1129,among
1130,rais
1131,west
1132,road
1133,fit
1134,rel
1135,thread
1136,sampl
1137,hettinga
1138,difficult
1139,partit
1140,intellig
1141,illeg
1142,spain
1143,colleg
1144,entri
1145,lender
1146,photo
1147,reader
1148,acquir
1149,seri
1150,william
1151,earth
1152,strong
1153,tie
1154,chief
1155,solv
1156,octob
1157,serv
1158,confus
1159,instant
1160,tree
1161,verifi
1162,smart
1163,refin
1164,measur
1165,largest
1166,european
1167,stupid
1168,fair
1169,mode
1170,san
1171,extract
1172,french
1173,peac
1174,sweet
1175,built
1176,equival
1177,regular
1178,procmail
1179,slow
1180,oct
1181,conveni
1182,reliabl
1183,mac
1184,laptop
1185,lock
1186,resid
1187,inlin
1188,dead
1189,categori
1190,brian
1191,datapow
1192,tradit
1193,suse
1194,front
1195,warranti
1196,tim
1197,graphic
1198,africa
1199,europ
1200,ident
1201,voic
1202,cach
1203,deliveri
1204,leader
1205,emerg
1206,femal
1207,evid
1208,realiz
1209,capillari
1210,annuiti
1211,useless
1212,ten
1213,pattern
1214,art
1215,campaign
1216,fire
1217,occur
1218,compat
1219,statu
1220,gnu
1221,desktop
1222,gift
1223,abus
1224,therefor
1225,young
1226,cultur
1227,previous
1228,revenu
1229,institut
1230,physic
1231,higher
1232,herba
1233,satellit
1234,concept
1235,deposit
1236,inde
1237,convers
1238,walk
1239,brand
1240,launch
1241,aid
1242,thursday
1243,june
1244,degre
1245,contribut
1246,ms
1247,doubt
1248,roll
1249,nigeria
1250,concentr
1251,otherwis
1252,classifi
1253,honor
1254,yeah
1255,carri
1256,former
1257,indian
1258,wife
1259,weapon
1260,repositori
1261,echo
1262,arriv
1263,unlimit
1264,forget
1265,background
1266,compet
1267,pacif
1268,token
1269,conflict
1270,recipi
1271,listen
1272,affili
1273,critic
1274,fight
1275,unfortun
1276,surpris
1277,sat
1278,app
1279,powel
1280,tech
1281,storag
1282,isp
1283,percent
1284,password
1285,extens
1286,discount
1287,sleep
1288,jabber
1289,detect
1290,assur
1291,water
1292,succeed
1293,effici
1294,sit
1295,basi
1296,hot
1297,hermio
1298,civil
1299,panel
1300,kept
1301,alsa
1302,printer
1303,intro
1304,output
1305,garrigu
1306,substanti
1307,catch
1308,pull
1309,proprietari
1310,enemi
1311,tabl
1312,jm
1313,descript
1314,ip
1315,mine
1316,attract
1317,light
1318,scan
1319,worldwid
1320,inc
1321,menu
1322,truth
1323,saw
1324,god
1325,pudg
1326,index
1327,disabl
1328,advic
1329,joe
1330,revers
1331,nobodi
1332,v
1333,wednesday
1334,manufactur
1335,vendor
1336,agreement
1337,structur
1338,seven
1339,patent
1340,gone
1341,analysi
1342,euro
1343,room
1344,balanc
1345,lack
1346,decad
1347,vote
1348,franc
1349,jame
1350,k
1351,teach
1352,cool
1353,morn
1354,alon
1355,specifi
1356,charact
1357,obvious
1358,california
1359,whitelist
1360,wast
1361,awar
1362,gold
1363,boston
1364,editor
1365,zip
1366,innov
1367,construct
1368,polic
1369,treat
1370,u
1371,trick
1372,journal
1373,career
1374,highli
1375,theori
1376,ga
1377,temperatur
1378,insert
1379,financ
1380,clue
1381,tom
1382,impress
1383,son
1384,incred
1385,middl
1386,ultim
1387,spec
1388,int
1389,encourag
1390,gcc
1391,constitut
1392,greater
1393,touch
1394,flag
1395,afford
1396,peni
1397,correspond
1398,anymor
1399,usag
1400,brain
1401,cent
1402,ebay
1403,attorney
1404,input
1405,annual
1406,jim
1407,mother
1408,dan
1409,trial
1410,previou
1411,wake
1412,greg
1413,summari
1414,mechan
1415,hp
1416,larger
1417,boy
1418,blank
1419,master
1420,blood
1421,suffer
1422,cbyi
1423,mike
1424,democrat
1425,hate
1426,el
1427,urgent
1428,stream
1429,cheap
1430,focu
1431,perman
1432,pound
1433,advis
1434,underwrit
1435,suspect
1436,flow
1437,speech
1438,varieti
1439,php
1440,smtp
1441,judg
1442,mostli
1443,star
1444,skeptic
1445,particularli
1446,dynam
1447,delay
1448,instanc
1449,behavior
1450,obviou
1451,vacat
1452,percentag
1453,mistak
1454,wealth
1455,toni
1456,republ
1457,dark
1458,binari
1459,super
1460,comfort
1461,warm
1462,earlier
1463,keyboard
1464,eye
1465,destruct
1466,laserjet
1467,affect
1468,rick
1469,ban
1470,arm
1471,ireland
1472,firewal
1473,reveal
1474,mailer
1475,channel
1476,termin
1477,woman
1478,rock
1479,telecom
1480,steve
1481,motiv
1482,english
1483,tend
1484,char
1485,heart
1486,essenti
1487,knew
1488,consolid
1489,se
1490,rss
1491,prospect
1492,recogn
1493,alli
1494,principl
1495,floppi
1496,vipul
1497,domest
1498,consist
1499,btw
1500,skill
1501,lawyer
1502,core
1503,pack
1504,style
1505,estim
1506,highlight
1507,wing
1508,prompt
1509,beta
1510,bonus
1511,unlik
1512,eventu
1513,dell
1514,somewher
1515,lifetim
1516,defend
1517,magazin
1518,opt
1519,pipe
1520,nearli
1521,invit
1522,gnome
1523,sensit
1524,staff
1525,vehicl
1526,task
1527,planta
1528,ftoc
1529,beat
1530,comprehens
1531,fl
1532,role
1533,food
1534,biggest
1535,eat
1536,audio
1537,modem
1538,restor
1539,march
1540,modern
1541,pocket
1542,histor
1543,ground
1544,map
1545,dn
1546,teledynam
1547,hair
1548,babi
1549,python
1550,despit
1551,roman
1552,clearli
1553,eval
1554,picasso
1555,complianc
1556,impact
1557,fresh
1558,revis
1559,strength
1560,suck
1561,convert
1562,commentari
1563,bind
1564,favor
1565,strongli
1566,exploit
1567,interview
1568,shown
1569,met
1570,dragon
1571,peter
1572,conserv
1573,mlm
1574,config
1575,british
1576,coverag
1577,minimum
1578,senior
1579,protocol
1580,font
1581,liber
1582,stabl
1583,doctor
1584,equal
1585,beyond
1586,texa
1587,permit
1588,employe
1589,mile
1590,instantli
1591,spot
1592,mailbox
1593,truli
1594,failur
1595,dont
1596,everybodi
1597,gave
1598,typic
1599,brought
1600,optim
1601,reli
1602,auto
1603,synchron
1604,signal
1605,visa
1606,consider
1607,tx
1608,q
1609,tape
1610,al
1611,startup
1612,translat
1613,worst
1614,expir
1615,distanc
1616,chines
1617,led
1618,exact
1619,variabl
1620,showcas
1621,geeg
1622,calcul
1623,revok
1624,crash
1625,proper
1626,dial
1627,draw
1628,crimin
1629,neighbor
1630,annoy
1631,spent
1632,boss
1633,favorit
1634,imposs
1635,hidden
1636,finish
1637,broker
1638,stylu
1639,extern
1640,prove
1641,yesterday
1642,evil
1643,plant
1644,bearer
1645,ran
1646,strang
1647,retriev
1648,artist
1649,rare
1650,pop
1651,feet
1652,bigger
1653,netscap
1654,sole
1655,z
1656,foundat
1657,acknowledg
1658,sir
1659,repair
1660,hotel
1661,equiti
1662,autom
1663,scientist
1664,hell
1665,somebodi
1666,rebuild
1667,serious
1668,safeti
1669,evalu
1670,england
1671,hack
1672,portion
1673,beauti
1674,poverti
1675,rob
1676,planet
1677,properli
1678,sport
1679,edward
1680,guidelin
1681,summer
1682,lie
1683,hire
1684,gentl
1685,climat
1686,push
1687,iiu
1688,bell
1689,strip
1690,jump
1691,restrict
1692,explor
1693,scheme
1694,minor
1695,prescript
1696,ii
1697,spread
1698,sunday
1699,chicago
1700,station
1701,antiqu
1702,correctli
1703,epson
1704,fundament
1705,mount
1706,headlin
1707,para
1708,becam
1709,entertain
1710,shape
1711,radio
1712,threaten
1713,student
1714,currenc
1715,lo
1716,vou
1717,recruit
1718,primari
1719,diseas
1720,recal
1721,protest
1722,architectur
1723,seed
1724,proxi
1725,merchant
1726,laser
1727,resum
1728,herb
1729,spamd
1730,damag
1731,hang
1732,husband
1733,mainten
1734,craig
1735,happier
1736,disclaim
1737,exit
1738,van
1739,plug
1740,stick
1741,viagra
1742,feroc
1743,corpu
1744,buyer
1745,muscl
1746,doubl
1747,remedi
1748,sendmail
1749,settlement
1750,vast
1751,prioriti
1752,wors
1753,green
1754,angl
1755,somehow
1756,creativ
1757,luck
1758,feedback
1759,ticket
1760,hall
1761,moor
1762,reg
1763,dozen
1764,camera
1765,georg
1766,faith
1767,ssh
1768,western
1769,disappear
1770,fantasi
1771,prior
1772,laugh
1773,realiti
1774,supplement
1775,seminar
1776,tel
1777,usb
1778,oil
1779,aspect
1780,bother
1781,broken
1782,anonym
1783,pour
1784,reject
1785,batteri
1786,child
1787,symbol
1788,feed
1789,kathmandu
1790,norton
1791,hormon
1792,perfectli
1793,substanc
1794,doc
1795,authent
1796,convent
1797,committe
1798,entrepreneur
1799,democraci
1800,acceler
1801,eugen
1802,shall
1803,arrang
1804,appeal
1805,argu
1806,shot
1807,parent
1808,allianc
1809,encrypt
1810,mozilla
1811,serial
1812,observ
1813,phrase
1814,à
1815,statist
1816,legitim
1817,electr
1818,park
1819,shock
1820,sponsorship
1821,funni
1822,random
1823,convinc
1824,slightli
1825,neither
1826,nort
1827,highest
1828,resolv
1829,edificio
1830,appropri
1831,frame
1832,solari
1833,east
1834,refund
1835,strictli
1836,hey
1837,queri
1838,door
1839,empir
1840,edg
1841,award
1842,barcelona
1843,auction
1844,meant
1845,ie
1846,merg
1847,survey
1848,daniel
1849,postal
1850,fear
1851,lesson
1852,smaller
1853,kelli
1854,stabil
1855,hunt
1856,bear
1857,union
1858,capac
1859,pressur
1860,damn
1861,volum
1862,repeat
1863,surviv
1864,carrier
1865,aphrodisia
1866,tomorrow
1867,twice
1868,amend
1869,mr
1870,farquhar
1871,strike
1872,pablo
1873,mason
1874,virus
1875,arrest
1876,trip
1877,banner
1878,declin
1879,alter
1880,owen
1881,aggress
1882,te
1883,odd
1884,weekend
1885,fairli
1886,bought
1887,herbal
1888,cancel
1889,winner
1890,race
1891,promiscu
1892,exclud
1893,harm
1894,appl
1895,compon
1896,cold
1897,januari
1898,ah
1899,easiest
1900,complain
1901,inbox
1902,testimoni
1903,duplic
1904,licenc
1905,gmt
1906,welch
1907,zero
1908,violat
1909,prosaka
1910,nt
1911,mh
1912,viru
1913,audienc
1914,md
1915,bunch
1916,pill
1917,farm
1918,reduct
1919,algorithm
1920,deni
1921,debian
1922,presum
1923,vari
1924,bandwidth
1925,scam
1926,hmm
1927,genet
1928,honest
1929,nativ
1930,mirror
1931,formula
1932,spray
1933,blog
1934,ratio
1935,round
1936,reboot
1937,sea
1938,iraq
1939,austin
1940,analyst
1941,precis
1942,martin
1943,tab
1944,renew
1945,vjestika
1946,partnership
1947,split
1948,compens
1949,gibbon
1950,possess
1951,brief
1952,bankruptci
1953,label
1954,â
1955,elsewher
1956,club
1957,gay
1958,approxim
1959,porn
1960,mous
1961,grand
1962,processor
1963,dramat
1964,blue
1965,deploy
1966,reward
1967,saturday
1968,roger
1969,buffer
1970,invent
1971,weekli
1972,plugin
1973,massiv
1974,msgid
1975,envelop
1976,gordon
1977,lift
1978,infrastructur
1979,retir
1980,apart
1981,inconveni
1982,dig
1983,writer
1984,fuck
1985,collabor
1986,empti
1987,millionair
1988,that
1989,ibm
1990,agreeabl
1991,aol
1992,cancer
1993,inspir
1994,adopt
1995,prohibit
1996,nvidia
1997,rohit
1998,anytim
1999,sm
2000,environment
2001,ps
2002,flash
2003,engag
2004,complex
2005,religion
2006,harley
2007,assembl
2008,plenti
2009,satisfi
2010,ministri
2011,schedul
2012,justic
2013,solicit
2014,shell
2015,cycl
2016,northern
2017,african
2018,length
2019,thoma
2020,conduct
2021,acquisit
2022,self
2023,excess
2024,enforc
2025,henc
2026,rose
2027,img
2028,candid
2029,mere
2030,own
2031,farmer
2032,began
2033,encount
2034,clock
2035,distro
2036,rout
2037,duncan
2038,onto
2039,experienc
2040,swap
2041,bound
2042,straight
2043,liter
2044,grab
2045,conclud
2046,transform
2047,kate
2048,london
2049,deep
2050,registr
2051,guido
2052,famou
2053,throw
2054,elect
2055,attend
2056,domin
2057,homeown
2058,prosper
2059,minim
2060,televis
2061,scale
2062,russian
2063,evolv
2064,newspap
2065,demonstr
2066,wholesal
2067,pointer
2068,receipt
2069,preserv
2070,chat
2071,unabl
2072,glad
2073,niall
2074,rank
2075,murder
2076,wave
2077,mix
2078,lawsuit
2079,oppos
2080,boost
2081,christian
2082,toll
2083,colleagu
2084,buck
2085,context
2086,hors
2087,assert
2088,proof
2089,da
2090,corrupt
2091,religi
2092,routin
2093,resel
2094,crime
2095,co
2096,russia
2097,blame
2098,skin
2099,valhalla
2100,entiti
2101,remark
2102,loop
2103,attain
2104,scientif
2105,glm
2106,webmast
2107,marshalles
2108,vircio
2109,tast
2110,inkjet
2111,destroy
2112,abacha
2113,tune
2114,accur
2115,newsgroup
2116,icq
2117,asia
2118,moral
2119,paypal
2120,forest
2121,brent
2122,numer
2123,habea
2124,passphras
2125,mathemat
2126,replica
2127,heavi
2128,chart
2129,hash
2130,ben
2131,column
2132,bu
2133,brother
2134,victim
2135,song
2136,visitor
2137,po
2138,jar
2139,bless
2140,joseph
2141,regardless
2142,frequent
2143,formal
2144,null
2145,yield
2146,yellow
2147,rise
2148,throughout
2149,mountain
2150,embed
2151,hint
2152,na
2153,sheet
2154,logic
2155,mess
2156,pure
2157,bay
2158,pro
2159,classic
2160,town
2161,freebsd
2162,dog
2163,incompat
2164,amateur
2165,remind
2166,branch
2167,aim
2168,chip
2169,labor
2170,consequ
2171,trace
2172,drink
2173,limbo
2174,felt
2175,decemb
2176,pars
2177,exceed
2178,prize
2179,joke
2180,adapt
2181,assign
2182,syntax
2183,smoker
2184,crap
2185,opposit
2186,imho
2187,est
2188,negoti
2189,satisfact
2190,gambl
2191,violenc
2192,focus
2193,exhibit
2194,export
2195,coast
2196,worker
2197,topic
2198,spirit
2199,privileg
2200,que
2201,il
2202,spamtrap
2203,ladi
2204,fan
2205,appoint
2206,tremend
2207,incorpor
2208,batch
2209,battl
2210,circumst
2211,complic
2212,pa
2213,byte
2214,lib
2215,stamp
2216,specialist
2217,stage
2218,vice
2219,pursu
2220,cheaper
2221,riaa
2222,struggl
2223,okay
2224,kit
2225,dublin
2226,moder
2227,alert
2228,gather
2229,affair
2230,admit
2231,entitl
2232,unknown
2233,bet
2234,lover
2235,goto
2236,sur
2237,liberti
2238,compress
2239,jodi
2240,trivial
2241,older
2242,truck
2243,keyword
2244,unwant
2245,caught
2246,compel
2247,loos
2248,sophist
2249,chairman
2250,intel
2251,boundari
2252,ui
2253,florida
2254,alan
2255,airlin
2256,strengthen
2257,ahead
2258,album
2259,ved
2260,surfac
2261,wear
2262,muslim
2263,britain
2264,trend
2265,penni
2266,airport
2267,transmiss
2268,ownership
2269,margin
2270,sector
2271,ideal
2272,disclosur
2273,mastercard
2274,belief
2275,australia
2276,owe
2277,hole
2278,pioneer
2279,weather
2280,relay
2281,tin
2282,lay
2283,pickl
2284,timeout
2285,stress
2286,reform
2287,ice
2288,msn
2289,marri
2290,dump
2291,encod
2292,assumpt
2293,maximum
2294,weak
2295,maker
2296,refus
2297,palestinian
2298,outlook
2299,dice
2300,raw
2301,majesti
2302,wa
2303,scott
2304,adjust
2305,overal
2306,stephen
2307,mplayer
2308,suffici
2309,jack
2310,chain
2311,portabl
2312,captur
2313,egg
2314,finger
2315,schuman
2316,propag
2317,curv
2318,ne
2319,wealthi
2320,magic
2321,hawaii
2322,influenc
2323,debug
2324,sentenc
2325,frustrat
2326,session
2327,retain
2328,shout
2329,weird
2330,admin
2331,dinosaur
2332,heck
2333,catalog
2334,submiss
2335,astronom
2336,explan
2337,silli
2338,depress
2339,endeavor
2340,holiday
2341,vision
2342,crack
2343,ou
2344,mandat
2345,whatsoev
2346,lilo
2347,trademark
2348,bone
2349,spring
2350,patrick
2351,unusu
2352,tower
2353,ram
2354,scratch
2355,ar
2356,virginia
2357,outstand
2358,corner
2359,api
2360,hacker
2361,rah
2362,speaker
2363,bomb
2364,spambay
2365,belong
2366,buri
2367,settl
2368,besid
2369,fli
2370,randomli
2371,latter
2372,circl
2373,movement
2374,intellectu
2375,casino
2376,francisco
2377,hospit
2378,ethic
2379,gpg
2380,inexpens
2381,mysql
2382,minist
2383,rapidli
2384,iroijlaplap
2385,expos
2386,du
2387,recognit
2388,celebr
2389,organis
2390,xxx
2391,prob
2392,germani
2393,proceed
2394,ton
2395,snore
2396,tivo
2397,constant
2398,jeremi
2399,twenti
2400,scholarship
2401,joint
2402,ir
2403,fuel
2404,greatest
2405,intent
2406,preced
2407,igtt
2408,pentium
2409,necessarili
2410,openssl
2411,formul
2412,ez
2413,lean
2414,hide
2415,theme
2416,abandon
2417,plane
2418,thirti
2419,ce
2420,season
2421,marriag
2422,maxim
2423,recov
2424,conclus
2425,japan
2426,framework
2427,fp
2428,arg
2429,es
2430,jurisdict
2431,greet
2432,openssh
2433,relax
2434,wild
2435,draft
2436,bsd
2437,forum
2438,dr
2439,german
2440,une
2441,tweak
2442,element
2443,armi
2444,harvest
2445,richard
2446,angel
2447,subsequ
2448,layer
2449,ximian
2450,anthoni
2451,decreas
2452,render
2453,scope
2454,elig
2455,hook
2456,milter
2457,distributor
2458,bob
2459,pci
2460,council
2461,raid
2462,ratak
2463,magnitud
2464,flight
2465,boom
2466,everywher
2467,crazi
2468,commerc
2469,till
2470,pleasur
2471,rm
2472,mutual
2473,leas
2474,trader
2475,asian
2476,shoot
2477,advisor
2478,freez
2479,invalid
2480,scenario
2481,burner
2482,notifi
2483,tobacco
2484,zone
2485,fashion
2486,dedic
2487,bond
2488,maxaman
2489,murjel
2490,telecommun
2491,con
2492,capitalist
2493,potent
2494,quarter
2495,contest
2496,difficulti
2497,inch
2498,manner
2499,fake
